duration,avg_temp,avg_light,avg_humidity,avg_pm1,avg_pm25,avg_pm10,noise_peaks,vibration_spikes,sound_peak_max,ext_temperature,ext_humidity,ext_wind_speed,ext_aqi,ext_pm25,moon_illumination,temp_insulation,comfort_index,log_light,moon_phase_num,disturbance_index,mood_score
6.16667,23.61808684210526,45.13157894736842,59.57142857142857,5.666666666666667,24.105263157894736,7.651162790697675,623,0,389,27.9,81.0,9.5,72,72.0,0.9356,-4.2819131578947385,3.61808684210526,3.8314977251948488,0.375,623.0,3
7.5,23.682039130434784,46.391304347826086,59.57142857142857,5.666666666666667,24.652173913043477,7.651162790697675,768,0,424,27.4,82.0,7.8,65,65.0,0.9769,-3.717960869565214,3.6820391304347844,3.8584387592940397,0.375,768.0,3
5.66667,23.529285714285713,40.97142857142857,59.57142857142857,5.666666666666667,22.228571428571428,7.651162790697675,545,0,378,28.2,87.0,9.1,68,68.0,0.9971,-4.670714285714286,3.529285714285713,3.7369891146844636,0.375,545.0,4
2.5,23.890562499999998,40.0,59.57142857142857,5.666666666666667,22.25,7.651162790697675,247,0,333,28.5,86.0,10.2,57,57.0,0.9965,-4.609437500000002,3.890562499999998,3.713572066704308,0.625,247.0,4
9.0,23.64011090909091,39.872727272727275,59.57142857142857,5.666666666666667,19.90909090909091,7.651162790697675,798,0,372,28.6,78.0,10.5,85,85.0,0.9761,-4.9598890909090905,3.640110909090911,3.710463025781111,0.625,798.0,5
7.75,23.739757446808508,45.95744680851064,59.57142857142857,5.666666666666667,24.70212765957447,7.651162790697675,733,0,428,28.5,85.0,9.7,89,89.0,0.9378,-4.7602425531914925,3.7397574468085075,3.849241804546678,0.625,733.0,3
7.66667,23.52505744680851,39.680851063829785,59.57142857142857,5.666666666666667,22.127659574468087,7.651162790697675,720,0,399,28.8,86.0,8.8,95,95.0,0.8838,-5.27494255319149,3.5250574468085105,3.705757491901288,0.625,720.0,4
7.0,23.53442790697674,45.23255813953488,59.57142857142857,5.666666666666667,23.13953488372093,7.651162790697675,772,0,425,28.7,81.0,7.6,89,89.0,0.8165,-5.165572093023258,3.5344279069767417,3.833684271522957,0.625,772.0,3
8.33333,24.24137931034483,3518.793103448276,59.241379310344826,7.425287356321839,9.574712643678161,10.172413793103448,0,0,59,28.7,79.0,6.4,111,111.0,0.7382,-4.45862068965517,4.241379310344829,8.166157489435214,0.625,0.0,3
8.66667,24.78021978021978,3499.4725274725274,59.57142857142857,6.087912087912088,7.681318681318682,8.098901098901099,0,0,86,28.2,84.0,6.8,93,93.0,0.6515,-3.4197802197802183,4.780219780219781,8.160653246214059,0.625,0.0,2
3.66667,25.093023255813954,3573.953488372093,70.81395348837209,5.325581395348837,7.162790697674419,7.651162790697675,0,0,47,28.6,84.0,10.3,78,78.0,0.5586,-3.5069767441860478,5.093023255813954,8.181707444797906,0.625,0.0,2
6.0,24.646153846153847,3789.0153846153844,57.36923076923077,3.6,4.6461538461538465,5.015384615384615,0,0,40,28.5,82.0,10.5,72,72.0,0.4623,-3.8538461538461526,4.646153846153847,8.240125357333506,0.875,0.0,1
8.33333,25.852272727272727,3438.340909090909,63.125,5.965909090909091,7.761363636363637,8.409090909090908,0,0,45,28.9,76.0,8.0,87,74.0,0.271,-3.047727272727272,5.852272727272727,8.143035135816046,0.875,0.0,2
8.5,25.080459770114942,3583.609195402299,61.44827586206897,4.804597701149425,6.011494252873563,6.402298850574713,0,0,52,28.7,87.0,7.9,65,65.0,0.1835,-3.6195402298850574,5.080459770114942,8.1844047360462,0.875,0.0,2
9.66667,24.80952380952381,3461.6285714285714,59.78095238095238,5.666666666666667,7.152380952380953,7.6,0,0,46,29.1,86.0,12.4,87,87.0,0.1076,-4.290476190476191,4.80952380952381,8.149783282348746,0.875,0.0,3
7.91667,24.253012048192772,3371.9277108433735,57.81927710843374,5.457831325301205,6.891566265060241,7.433734939759036,0,0,40,29.3,82.0,10.1,163,163.0,0.0487,-5.046987951807228,4.2530120481927725,8.123536403122344,0.875,0.0,3
9.66667,25.65714285714286,3452.1809523809525,58.50476190476191,6.647619047619048,8.4,8.99047619047619,0,0,48,29.2,82.0,10.1,63,63.0,0.0014,-3.542857142857141,5.657142857142858,8.147051100413384,0.0,0.0,2
